id;title;description
1;Branding platforms Bedfordshire;Coordinator payment Turnpike
2;reboot Jewelery;Exclusive virtual Kids
3;quantifying;Computers
4;programming Plastic panel;content Identity Plastic
5;Russian Federation Home Loan Account;Personal Loan Account
6;Mobility Face to face projection;Ergonomic
7;Hong Kong Dollar;Checking Account
8;Fields deposit Grocery;discrete Norwegian Krone Directives
9;redundant back up;Solutions Money Market Account
10;back-end Quality Belize Dollar;Assistant Cove
